,TOT_POP,PCT_U18,PC_18_65,PCT_O65,MALE_FEM
1,1753.0,443.509,985.186,324.305,79.0
2,1675.0,509.2,983.225,182.575,87.0
3,1842.0,530.496,1031.52,279.984,84.0
4,7835.0,1958.75,5116.255,759.995,89.0
5,2906.0,717.782,1659.326,528.892,81.1
6,5166.0,976.374,3177.09,1012.536,91.8
7,5863.0,1530.243,3330.184,1002.573,85.2
8,2457.0,614.25,1488.942,353.808,88.3
9,1194.0,248.352,671.028,274.62,83.3
10,4559.0,145.888,4285.46,132.211,136.8
11,1980.0,411.84,1241.46,326.7,89.1
12,1519.0,426.839,943.299,148.862,89.9
13,1003.0,99.297,848.538,55.165,527.8
14,1057.0,262.136,634.2,160.664,86.2
15,9286.0,1885.058,5738.748,1662.194,87.3
16,20714.0,4639.936,11206.274,4867.79,79.9
17,1125.0,312.75,634.5,177.75,88.4
18,2231.0,620.218,1314.059,296.723,86.3
19,1719.0,419.436,1074.375,223.47,91.0
20,1208.0,345.488,746.544,114.76,97.3
21,2060.0,479.98,1225.7,354.32,94.7
22,2081.0,651.353,1186.17,243.477,87.2
23,4272.0,956.928,2661.456,657.888,84.4
24,2745.0,661.545,1786.995,293.715,97.1
25,1708.0,435.54,978.684,293.776,88.3
26,1933.0,373.069,1268.048,291.883,92.8
27,2630.0,689.06,1554.33,386.61,87.7
28,31258.0,7283.114,18254.672,5720.214,93.4
29,1656.0,428.904,1073.088,154.008,95.1
30,1033.0,311.966,571.249,149.785,86.3
31,2995.0,781.695,1788.015,425.29,84.2
32,12249.0,2731.527,7937.352,1580.121,88.8
33,1550.0,455.7,880.4,212.35,86.7
34,22719.0,5407.122,14312.97,2998.908,88.1
35,6591.0,1779.57,3915.054,896.376,84.1
36,4937.0,1298.431,3016.507,626.999,88.6
37,2963.0,678.527,1854.838,429.635,94.3
38,4487.0,1166.62,2898.602,421.778,87.0
39,2624.0,506.432,1868.288,249.28,99.1
40,16310.0,3995.95,9215.15,3098.9,82.9
41,5801.0,1380.638,3370.381,1044.18,86.0
42,7702.0,2025.626,4936.982,739.392,89.7
43,21279.0,5298.471,13490.886,2489.643,90.2
44,7193.0,1460.179,4862.468,870.353,96.2
45,13243.0,3403.451,8144.445,1695.104,96.0
46,2354.0,670.89,1464.188,218.922,100.5
47,1828.0,435.064,1199.168,193.768,102.2
48,1101.0,292.866,680.418,127.716,91.0
49,16438.0,3550.608,11046.336,1841.056,93.7
50,2572.0,586.416,1589.496,396.088,90.8
51,1006.0,245.464,588.51,172.026,93.1
52,1103.0,273.544,709.229,121.33,98.1
53,15761.0,3294.049,10370.738,2096.213,93.2
54,2658.0,699.054,1690.488,271.116,95.4
55,2248.0,676.648,1393.76,177.592,92.5
56,1729.0,418.418,1075.438,233.415,95.5
57,53008.0,10654.608,32228.864,10124.528,82.7
58,1349.0,379.069,832.333,137.598,94.4
59,2900.0,707.6,1769.0,423.4,89.4
60,4838.0,1045.008,3125.348,667.644,90.0
61,4230.0,1015.2,2728.35,486.45,93.8
62,9556.0,2264.772,6201.844,1089.384,93.0
63,1261.0,406.042,670.852,184.106,80.0
64,2220.0,521.7,1172.16,526.14,78.3
65,1271.0,326.647,734.638,208.444,83.7
66,2954.0,797.58,1837.388,319.032,90.0
67,1566.0,305.37,1049.22,211.41,94.1
68,2226.0,607.698,1375.668,242.634,98.2
69,7070.0,1371.58,4899.51,798.91,81.7
70,1997.0,479.28,1174.236,343.484,96.1
71,2107.0,642.635,1278.949,185.416,87.3
72,34455.0,6270.81,21396.555,6787.635,81.0
73,3265.0,826.045,2047.155,388.535,90.2
74,2756.0,744.12,1821.716,190.164,98.5
75,1397.0,350.647,786.511,259.842,82.1
76,8749.0,1356.095,6762.977,629.928,90.8
77,1387.0,435.518,754.528,198.341,84.9
78,6028.0,1314.104,3755.444,958.452,79.0
79,3118.0,770.146,1967.458,383.514,98.1
80,3716.0,405.044,3095.428,215.528,85.8
81,1138.0,315.226,675.972,146.802,93.6
82,1970.0,423.55,1237.16,309.29,91.7
83,1273.0,278.787,717.972,276.241,79.7
84,2465.0,909.585,1469.14,86.275,99.0
85,2262.0,579.072,1373.034,309.894,86.5
86,4759.0,861.379,2484.198,1408.664,85.8
87,1906.0,476.5,1048.3,381.2,80.6
88,2552.0,648.208,1498.024,405.768,88.0
89,1150.0,270.25,721.05,158.7,89.7
90,2278.0,583.168,1246.066,448.766,82.0
91,10725.0,2391.675,6477.9,1855.425,81.9
92,4673.0,1177.596,2757.07,738.334,84.1
93,2421.0,668.196,1375.128,375.255,85.2
94,6379.0,861.165,4790.629,727.206,99.8
95,5107.0,1077.577,3222.517,806.906,94.1
96,4800.0,1089.6,3254.4,456.0,95.2
97,4344.0,1329.264,2436.984,577.752,84.2
98,1078.0,321.244,614.46,143.374,88.8
99,1491.0,375.732,842.415,274.344,70.9
100,4690.0,1167.81,2645.16,877.03,79.1
101,1100.0,324.5,606.1,169.4,82.8
102,3457.0,480.523,2492.497,483.98,94.8
103,3007.0,520.211,2101.893,381.889,58.0
104,5716.0,1166.064,3526.772,1023.164,86.1
105,1232.0,273.504,741.664,215.6,88.2
106,26720.0,7348.0,17528.32,1843.68,95.3
107,5987.0,1532.672,3687.992,766.336,92.8
108,5333.0,1098.598,3594.442,634.627,97.0
109,26028.0,7678.26,16631.892,1717.848,93.9
110,1671.0,456.183,949.128,265.689,77.9
111,1929.0,501.54,1248.063,177.468,93.9
112,1273.0,306.793,767.619,198.588,89.0
113,1920.0,453.12,1136.64,328.32,91.1
114,3270.0,742.29,2207.25,320.46,96.2
115,4734.0,1420.2,2835.666,478.134,87.1
116,1731.0,455.253,1057.641,219.837,81.5
117,1376.0,400.416,832.48,141.728,82.9
118,1303.0,311.417,809.163,182.42,88.6
119,1110.0,217.56,668.22,224.22,92.7
120,2160.0,542.16,1239.84,378.0,82.1
121,2175.0,508.95,1231.05,435.0,81.2
122,2238.0,525.93,1342.8,369.27,85.3
123,1394.0,359.652,903.312,131.036,96.6
124,2409.0,648.021,1363.494,397.485,86.7
125,5268.0,795.468,3724.476,748.056,79.9
126,16825.0,3970.7,9741.675,3112.625,81.0
127,1998.0,391.608,1202.796,405.594,79.8
128,4789.0,1072.736,3088.905,627.359,91.5
129,8019.0,1884.465,5068.008,1066.527,89.4
130,36124.0,8127.9,24925.56,3070.54,95.2
131,8003.0,2048.768,5338.001,616.231,93.3
132,1140.0,308.94,721.62,109.44,98.8
133,2180.0,412.02,1185.92,582.06,72.0
134,30111.0,8160.081,19451.706,2499.213,91.6
135,2760.0,742.44,1540.08,477.48,86.3
136,3093.0,739.227,1858.893,494.88,86.5
137,1270.0,360.68,751.84,157.48,94.2
138,2287.0,656.369,1511.707,118.924,95.1
139,2789.0,683.305,1625.987,479.708,83.5
140,7018.0,1543.96,4456.43,1017.61,88.4
141,3200.0,857.6,2080.0,262.4,96.7
142,1690.0,457.99,927.81,304.2,75.2
143,1698.0,395.634,1115.586,186.78,96.8
144,2627.0,546.416,1476.374,604.21,86.6
145,4005.0,356.445,3484.35,164.205,686.0
146,5002.0,1315.526,2896.158,790.316,85.3
147,1214.0,388.48,677.412,148.108,88.8
148,3064.0,398.32,2359.28,309.464,120.4
149,8360.0,2064.92,4823.72,1471.36,83.9
150,17673.0,3852.714,11381.412,2438.874,88.9
151,1936.0,565.312,1020.272,350.416,84.0
152,8244.0,1549.872,5647.14,1046.988,114.2
153,1030.0,329.6,576.8,122.57,80.4
154,25849.0,6539.797,17577.32,1731.883,95.4
155,9940.0,2375.66,5993.82,1570.52,83.9
156,2452.0,662.04,1311.82,475.688,81.6
157,1847.0,448.821,962.287,437.739,84.3
158,1908.0,528.516,1188.684,190.8,90.2
159,1588.0,430.348,919.452,238.2,86.3
160,6647.0,1595.28,3762.202,1289.518,80.4
161,18537.0,3503.493,11530.014,3503.493,83.4
162,4510.0,1032.79,3026.21,451.0,96.4
163,6518.0,1479.586,3767.404,1271.01,88.2
164,3784.0,949.784,2486.088,348.128,90.8
165,1402.0,173.848,803.346,423.404,86.3
166,2780.0,553.22,1715.26,514.3,84.5
167,2152.0,413.184,1558.048,180.768,99.0
168,19550.0,4418.3,12766.15,2365.55,89.4
169,4974.0,1263.396,2969.478,746.1,83.4
170,4021.0,1085.67,2400.537,538.814,92.0
171,20411.0,4878.229,13328.383,2204.388,93.1
172,2698.0,585.466,1767.19,345.344,92.5
173,20195.0,4806.41,12278.56,3110.03,87.7
174,4372.0,905.004,2561.992,905.004,90.7
175,6932.0,1538.904,4353.296,1039.8,84.2
176,10152.0,2202.984,6517.584,1431.432,89.0
177,5461.0,1600.073,3527.806,338.582,93.9
178,3343.0,748.832,2025.858,564.967,85.5
179,2515.0,573.42,1534.15,409.945,88.2
180,1499.0,292.305,1062.791,143.904,101.5
181,3088.0,818.32,1914.56,355.12,94.8
182,1219.0,316.94,756.999,145.061,93.6
183,4243.0,1264.414,2359.108,619.478,86.1
184,2354.0,508.464,1515.976,329.56,95.9
185,33724.0,8768.24,19897.16,5058.6,90.6
186,4359.0,1011.288,2497.707,850.005,80.5
187,3938.0,972.686,2473.064,492.25,92.8
188,10916.0,2412.436,7510.208,993.356,97.0
189,13531.0,2827.979,8321.565,2381.456,82.1
190,12602.0,2646.42,7825.842,2129.738,88.7
191,5943.0,1533.294,3732.204,671.559,90.9
192,4811.0,1116.152,3016.497,678.351,89.9
193,2653.0,586.313,1605.065,461.622,87.5
194,8022.0,1580.334,5358.696,1082.97,93.6
195,14842.0,4289.338,9602.774,949.888,95.4
196,4248.0,938.808,2697.48,611.712,83.6
197,4427.0,1155.447,2687.189,584.364,89.3
198,1957.0,279.851,1076.35,600.799,75.0
199,3231.0,927.297,1977.372,326.331,92.7
200,15947.0,3572.128,9839.299,2535.573,86.8
201,2497.0,666.699,1515.679,314.622,86.7
202,4490.0,1037.19,2765.84,686.97,91.4
203,1007.0,249.736,604.2,153.064,106.3
204,1125.0,317.25,758.25,49.5,98.5
205,11578.0,2767.142,8799.28,11.578,256.3
206,3561.0,1004.202,2129.478,427.32,86.9
207,1450.0,361.05,939.6,149.35,104.3
208,2416.0,640.24,1316.72,459.04,84.8
209,9176.0,2110.48,6258.032,807.488,96.5
210,2693.0,627.469,1540.396,525.135,85.4
211,1739.0,514.744,921.67,302.586,80.7
212,39894.0,9654.348,26090.676,4148.976,90.9
213,1817.0,472.42,1013.886,330.694,88.5
214,1423.0,461.052,752.767,209.181,93.2
215,2738.0,747.474,1593.516,397.01,84.6
216,7437.0,1509.711,4439.889,1487.4,88.0
217,4073.0,769.797,2525.26,782.016,88.2
218,4209.0,1010.16,2592.744,606.096,92.5
219,1336.0,339.344,753.504,241.816,85.1
220,14995.0,3193.935,9671.775,2129.29,86.5
221,1538.0,341.436,959.712,236.852,84.7
222,24149.0,4878.098,15238.019,4032.883,88.4
223,4488.0,897.6,2854.368,736.032,90.2
224,15023.0,3725.704,9013.8,2283.496,80.0
225,7978.0,1962.588,4746.91,1268.502,83.5
226,3407.0,705.249,2166.852,534.899,91.6
227,16656.0,4164.0,9194.112,3297.888,80.0
228,1589.0,373.415,1070.986,144.599,89.1
229,5255.0,1124.57,3421.005,709.425,103.2
230,4604.0,1358.18,2610.468,635.352,84.2
231,2901.0,713.646,1586.847,603.408,77.6
232,2646.0,685.314,1420.902,539.784,77.4
233,8745.0,1906.41,5316.96,1521.63,88.4
234,2790.0,694.71,1646.1,449.19,89.2
235,15632.0,3485.936,9676.208,2469.856,86.6
236,1812.0,491.052,1005.66,315.288,83.0
237,2490.0,547.8,1546.29,395.91,89.8
238,13208.0,2998.216,8400.288,1809.496,86.0
239,2070.0,490.59,1202.67,376.74,83.4
240,1614.0,264.696,805.386,543.918,74.2
241,9528.0,2153.328,6240.84,1133.832,85.8
242,1961.0,543.197,1168.756,247.086,86.2
243,3208.0,850.12,1992.168,365.712,95.8
244,2398.0,678.634,1366.86,352.506,77.5
245,1377.0,331.857,809.676,235.467,91.4
246,2687.0,612.636,1751.924,319.753,95.1
247,3790.0,333.52,3134.33,322.15,99.4
248,2600.0,556.4,1622.4,421.2,83.5
249,1330.0,364.42,747.46,216.79,82.4
250,2288.0,546.832,1514.656,226.512,89.2
251,4577.0,1016.094,2837.74,723.166,91.6
252,23308.0,4218.748,15849.44,3239.812,84.4
253,9587.0,1696.899,6442.464,1447.637,83.9
254,19750.0,4443.75,13943.5,1362.75,96.7
255,9438.0,2869.152,5691.114,877.734,89.2
256,3605.0,865.2,2354.065,385.735,97.3
257,4764.0,1138.596,3058.488,566.916,95.6
258,1354.0,297.88,942.384,112.382,103.1
259,7945.0,1541.33,4576.32,1827.35,78.7
260,4097.0,835.788,2441.812,819.4,89.0
261,6620.0,1416.68,4197.08,1006.24,89.7
262,1193.0,225.477,757.555,208.775,93.8
263,40174.0,8356.192,25872.056,5945.752,94.3
264,4492.0,1006.208,2780.548,705.244,84.7
265,3937.0,885.825,2464.562,586.613,90.5
266,2576.0,759.92,1671.824,144.256,96.3
267,6447.0,1811.607,3971.352,664.041,87.4
268,1692.0,531.288,1049.04,111.672,96.8
269,5216.0,1674.336,3150.464,396.416,90.5
270,25273.0,7404.989,16326.358,1541.653,92.4
271,1288.0,378.672,762.496,145.544,94.2
272,1890.0,506.52,1132.11,251.37,88.8
273,14972.0,4281.992,9851.576,838.432,94.8
274,3476.0,865.524,2033.46,580.492,82.8
275,2340.0,540.54,1467.18,329.94,86.8
276,3490.0,921.36,1971.85,596.79,84.0
277,1786.0,453.644,1134.11,198.246,96.3
278,9877.0,2814.945,5481.735,1580.32,81.6
279,6802.0,1448.826,3870.338,1482.836,80.8
280,3003.0,831.831,1846.845,324.324,89.9
281,1740.0,238.38,1341.54,160.08,67.3
282,8034.0,1920.126,4547.244,1566.63,94.5
283,18243.0,3940.488,11821.464,2481.048,89.6
284,1521.0,351.351,982.566,187.083,97.6
285,28247.0,6722.786,18501.785,3022.429,93.7
286,4644.0,1123.848,2939.652,580.5,96.0
287,8888.0,2515.304,4799.52,1573.176,82.6
288,7767.0,1770.876,4722.336,1273.788,80.0
289,6348.0,1479.084,4030.98,837.936,88.0
290,2769.0,733.785,1927.224,107.991,94.6
291,4860.0,1015.74,3173.58,670.68,86.4
292,18924.0,4617.456,12565.536,1741.008,91.6
293,5530.0,1415.68,3666.39,453.46,94.5
294,1532.0,332.444,883.964,315.592,97.4
295,34681.0,8913.017,19802.851,5965.132,83.2
296,2633.0,552.93,1485.012,595.058,83.7
297,1512.0,244.944,754.488,512.568,67.8
298,14118.0,3444.792,8724.924,1948.284,88.0
299,13141.0,2851.597,8725.624,1563.779,94.7
300,16890.0,3259.77,9897.54,3732.69,82.8
301,9058.0,2219.21,5063.422,1775.368,81.0
302,1325.0,402.8,743.325,178.875,85.9
303,1854.0,504.288,1143.918,205.794,88.7
304,1104.0,250.608,612.72,239.568,80.7
305,1629.0,374.67,936.675,319.284,89.3
306,1293.0,319.371,762.87,209.466,85.3
307,17773.0,3607.919,11836.818,2328.263,93.6
308,4843.0,920.17,3293.24,629.59,123.2
309,23095.0,5057.805,13718.43,4318.765,81.5
310,8489.0,2385.409,5415.982,687.609,95.1
311,4509.0,1294.083,2782.053,437.373,94.9
312,9612.0,2451.06,6334.308,826.632,92.5
313,1998.0,417.582,1354.644,225.774,92.2
314,2042.0,514.584,1204.78,322.636,89.6
315,2485.0,519.365,1575.49,390.145,86.5
316,18997.0,4901.226,11968.11,2127.664,90.4
317,2484.0,452.088,1363.716,668.196,77.4
318,5476.0,1374.476,3488.212,613.312,79.2
319,3564.0,848.232,2131.272,584.496,83.6
320,3281.0,675.886,2342.634,259.199,93.2
321,6181.0,1495.802,3894.03,791.168,87.1
322,10131.0,2147.772,6402.792,1580.436,84.4
323,1859.0,399.685,1171.17,288.145,97.8
324,1094.0,278.97,611.546,203.484,86.1
325,1748.0,438.748,1078.516,232.484,93.8
326,4974.0,1283.292,2845.128,845.58,82.9
327,53286.0,12309.066,35222.046,5754.888,93.4
328,3048.0,603.504,1712.976,731.52,79.2
329,4128.0,1065.024,2274.528,788.448,79.7
330,2786.0,465.262,1783.04,537.698,90.2
331,2165.0,584.55,1387.765,192.685,83.2
332,1269.0,332.478,666.225,271.566,84.4
333,2457.0,417.69,1434.888,601.965,79.5
334,5829.0,1270.722,2885.355,1672.923,78.5
335,1188.0,314.82,700.92,172.26,107.4
336,2624.0,600.896,1595.392,427.712,80.9
337,1482.0,468.312,807.69,207.48,82.4
338,1434.0,431.634,825.984,176.382,86.4
339,3343.0,798.977,2179.636,364.387,101.2
340,3963.0,816.378,2564.061,582.561,90.6
341,33510.0,5931.27,21345.87,6232.86,87.5
342,1811.0,329.602,1032.27,447.317,81.1
343,3632.0,944.32,2023.024,661.024,80.6
344,19208.0,3918.432,12005.0,3284.568,84.4
345,4516.0,794.816,2750.244,970.94,80.9
346,4593.0,1111.506,2719.056,767.031,89.8
347,4280.0,1151.32,2482.4,646.28,83.1
348,1400.0,407.4,889.0,103.6,100.0
349,1074.0,307.164,611.106,155.73,81.3
350,7755.0,2039.565,5133.81,581.625,95.5
351,6777.0,1646.811,3801.897,1328.292,74.3
352,9054.0,1991.88,5586.318,1475.802,87.5
353,17325.0,3447.675,11070.675,2806.65,87.8
354,1598.0,338.776,877.302,383.52,85.8
355,7718.0,1620.78,4823.75,1273.47,83.7
356,3722.0,781.62,2393.246,550.856,92.9
357,4764.0,1210.056,2948.916,605.028,84.6
358,5672.0,1083.352,4015.776,567.2,95.4
359,6198.0,1630.074,3743.592,824.334,99.1
360,1107.0,345.384,625.455,137.268,88.6
361,1840.0,478.4,1078.24,283.36,85.1
362,2200.0,506.0,1383.8,310.2,98.6
363,22018.0,4887.996,14421.79,2708.214,92.4
364,11719.0,2953.188,6726.706,2039.106,81.0
365,10293.0,3221.709,6031.698,1039.593,94.7
366,3902.0,920.872,2228.042,753.086,86.0
367,6418.0,1444.05,3850.8,1123.15,83.8
368,2802.0,877.026,1681.2,243.774,94.8
369,1636.0,389.368,1012.684,233.948,99.2
370,5249.0,1181.025,2970.934,1091.792,80.0
371,21274.0,6424.748,13487.716,1361.536,93.9
372,6686.0,1831.964,3683.986,1170.05,78.4
373,2091.0,483.021,1202.325,405.654,86.0
374,12586.0,3121.328,8457.792,1006.88,96.9
375,4333.0,623.952,2773.12,935.928,78.8
376,1555.0,427.625,909.675,219.255,86.8
377,1436.0,360.436,807.032,268.532,80.7
378,7848.0,1985.544,4975.632,886.824,91.6
379,1876.0,497.14,1082.452,296.408,85.8
380,1339.0,266.461,776.62,294.58,79.6
381,9315.0,2822.445,5849.82,642.735,95.7
382,1892.0,501.38,1277.1,113.52,101.6
383,1140.0,294.12,680.58,165.3,101.0
384,18994.0,3532.884,12308.112,3153.004,90.5
385,1252.0,388.12,724.908,138.972,91.2
386,1740.0,435.0,1071.84,233.16,123.5
387,3745.0,1097.285,2175.845,471.87,84.9
388,2986.0,674.836,1767.712,540.466,77.6
389,6672.0,1848.144,4183.344,640.512,92.0
390,3001.0,543.181,1962.654,495.165,100.2
391,2950.0,769.95,1967.65,212.4,91.5
392,2696.0,789.928,1633.776,272.296,92.2
393,1845.0,402.21,939.105,503.685,70.2
394,1559.0,425.607,829.388,304.005,76.2
395,1742.0,472.082,1092.234,177.684,88.4
396,2732.0,210.364,2406.892,114.744,129.3
397,6013.0,1310.834,4245.178,456.988,91.7
398,9108.0,1739.628,6229.872,1138.5,86.9
399,3102.0,732.072,1811.568,555.258,80.2
400,2692.0,751.068,1607.124,333.808,89.0
401,2436.0,550.536,1539.552,345.912,84.9
402,3024.0,798.336,1938.384,290.304,93.3
403,5599.0,1584.517,3661.746,352.737,97.8
404,14065.0,3192.755,8889.08,1983.165,84.0
405,1068.0,247.776,645.072,175.152,91.6
406,1237.0,336.464,696.431,204.105,81.5
407,1254.0,327.294,744.876,181.83,91.9
408,10712.0,2849.392,7048.496,814.112,92.7
409,9849.0,2501.646,5702.571,1644.783,82.4
410,1082.0,310.534,611.33,161.218,91.6
411,1220.0,263.52,639.28,318.42,69.7
412,26454.0,8068.47,15554.952,2830.578,81.4
413,10257.0,2718.105,6667.05,871.845,92.5
414,33673.0,8485.596,22796.621,2390.783,95.7
415,3001.0,750.25,1689.563,561.187,84.4
416,2111.0,500.307,1163.161,447.532,74.5
417,4200.0,1008.0,2658.6,537.6,85.7
418,5463.0,508.059,4627.161,327.78,75.8
419,2605.0,1581.235,924.775,98.99,97.9
420,8898.0,2188.908,5392.188,1316.904,89.3
421,3534.0,614.916,1993.176,925.908,74.4
422,4942.0,1195.964,2881.186,864.85,87.3
423,1620.0,343.44,1137.24,137.7,104.5
424,1809.0,515.565,1105.299,188.136,95.8
425,1412.0,369.944,855.672,186.384,88.1
426,1362.0,351.396,863.508,145.734,103.2
427,19707.0,4453.782,12671.601,2581.617,93.0
428,8182.0,3109.16,4631.012,441.828,90.0
429,2581.0,611.697,1695.717,271.005,96.1
430,1335.0,395.16,784.98,154.86,81.1
431,2533.0,671.245,1610.988,250.767,93.2
432,3964.0,1062.352,2659.844,245.768,95.9
433,3453.0,521.403,2316.963,614.634,93.0
434,19365.0,4066.65,12761.535,2536.815,93.4
435,12113.0,2785.99,7667.529,1659.481,90.9
436,7572.0,1627.98,5073.24,870.78,91.2
437,2530.0,493.35,1555.95,483.23,91.4
438,7363.0,1664.038,4616.601,1082.361,91.3
439,34989.0,8712.261,21203.334,5073.405,88.2
440,14574.0,3206.28,8904.714,2463.006,88.3
441,1180.0,304.44,678.5,198.24,83.3
442,12276.0,2614.788,7881.192,1780.02,92.0
443,2167.0,530.915,1363.043,273.042,98.8
444,1144.0,156.728,604.032,383.24,72.3
445,7613.0,1918.476,4149.085,1545.439,73.7
446,1841.0,530.208,1064.098,244.853,88.2
447,2059.0,362.384,1169.512,527.104,88.1
448,1347.0,381.201,759.708,206.091,81.9
449,6558.0,1259.136,4406.976,891.888,82.8
450,7875.0,1756.125,5410.125,708.75,92.5
451,1818.0,514.494,1054.44,247.248,84.8
452,32423.0,7165.483,21074.95,4182.567,91.6
453,13521.0,3150.393,8396.541,1974.066,117.5
454,1432.0,359.432,866.36,207.64,105.2
455,5610.0,1200.54,3736.26,673.2,98.2
456,1823.0,379.184,1172.189,271.627,95.9
457,3897.0,752.121,2778.561,366.318,84.4
458,16946.0,4456.798,9506.706,2982.496,79.6
459,10850.0,2788.45,6303.85,1757.7,81.2
460,13954.0,1758.204,10437.592,1758.204,72.6
461,3583.0,616.276,2271.622,695.102,79.6
462,5196.0,1252.236,3299.46,639.108,90.0
463,3280.0,649.44,1945.04,685.52,86.0
464,1450.0,368.3,812.0,269.7,72.8
465,22582.0,4290.58,15671.908,2619.512,113.7
466,1068.0,287.292,618.372,163.404,81.2
467,1078.0,351.428,604.758,121.814,88.8
468,4442.0,1163.804,2589.686,684.068,83.4
469,1738.0,493.592,971.542,272.866,88.2
470,6687.0,1263.843,4433.481,989.676,92.2
471,2109.0,567.321,1349.76,194.028,89.0
472,1950.0,442.65,1076.4,430.95,76.5
473,3566.0,923.594,2075.412,570.56,85.5
474,11060.0,2377.9,7144.76,1537.34,93.8
475,1974.0,442.176,1117.284,414.54,78.8
476,1499.0,380.746,897.901,220.353,90.0
477,1100.0,258.5,638.0,203.5,89.6
478,19536.0,4493.28,12503.04,2539.68,87.0
479,6413.0,1417.273,4117.146,878.581,85.7
480,5443.0,1219.232,3461.748,762.02,92.5
481,5248.0,1264.768,2938.88,1044.352,79.8
482,4219.0,1168.663,2404.83,649.726,84.2
483,1565.0,430.375,940.565,194.06,91.9
484,1978.0,520.214,1155.152,302.634,87.9
485,1478.0,533.558,823.246,122.674,88.2
486,1623.0,433.341,895.896,293.763,78.5
487,2435.0,672.06,1443.955,318.985,84.5
488,2163.0,374.199,1553.034,235.767,103.5
489,1445.0,375.7,867.0,202.3,84.3
490,1312.0,335.872,771.456,203.36,87.7
491,1486.0,254.106,1157.594,74.3,178.1
492,1488.0,306.528,938.928,242.544,90.5
493,26207.0,6001.403,16746.273,3459.324,92.4
494,1347.0,375.813,831.099,140.088,95.8
495,21255.0,3889.665,14580.93,2784.405,80.2
496,5483.0,1886.152,3585.882,5.483,152.5
497,1274.0,372.008,837.018,64.974,102.2
498,1688.0,388.24,1114.08,185.68,94.9
499,6592.0,1476.608,4278.208,837.184,87.1
500,1000.0,232.0,644.0,124.0,100.5
501,2611.0,723.247,1765.036,122.717,96.5
502,1359.0,392.751,800.451,164.439,89.0
503,24728.0,4945.6,16048.472,3733.928,92.7
504,1785.0,403.41,1038.87,342.72,77.5
505,3444.0,836.892,2190.384,416.724,95.1
506,1263.0,295.542,707.28,261.441,81.3
507,7455.0,1602.825,4823.385,1028.79,90.0
508,7232.0,1641.664,4758.656,831.68,91.9
509,9060.0,2455.26,5191.38,1413.36,85.3
510,1040.0,307.84,578.24,153.92,83.0
511,15387.0,3369.753,9816.906,2200.341,89.1
512,2736.0,538.992,1906.992,290.016,94.6
513,10251.0,1107.108,8272.557,871.335,116.5
514,2525.0,664.075,1424.1,436.825,78.4
515,3459.0,1016.946,2085.777,356.277,97.3
516,1298.0,337.48,690.536,269.984,86.8
517,1542.0,419.424,874.314,248.262,96.8
518,1152.0,302.976,744.192,104.832,95.6
519,3547.0,890.297,2142.388,514.315,86.6
520,1794.0,416.208,1069.224,308.568,83.5
521,4906.0,1280.466,3223.242,407.198,100.1
522,1851.0,399.816,1169.832,281.352,96.0
523,8255.0,1956.435,5002.53,1296.035,82.6
524,2725.0,509.575,1523.275,692.15,78.2
525,1565.0,452.285,829.45,281.7,81.1
526,11734.0,2734.022,5256.832,3743.146,75.9
527,1189.0,370.968,652.761,165.271,90.7
528,8814.0,2044.848,4944.654,1824.498,78.7
529,1300.0,200.2,578.5,521.3,68.5
530,24727.0,5786.118,14613.657,4327.225,81.7
531,44350.0,10865.75,27408.3,6075.95,108.6
532,20391.0,5444.397,13560.015,1386.588,94.2
533,15030.0,4313.61,9709.38,1007.01,83.2
534,1284.0,314.58,823.044,146.376,96.6
535,1965.0,322.26,1342.095,300.645,89.1
536,1184.0,264.032,757.76,162.208,85.5
537,1114.0,235.054,708.504,171.556,97.1
538,6405.0,1409.1,3759.735,1236.165,86.4
539,21228.0,4394.196,12821.712,4012.092,86.9
540,2377.0,603.758,1414.315,358.927,91.3
541,1027.0,212.589,622.362,192.049,83.7
542,7765.0,1677.24,4868.655,1219.105,83.9
543,1313.0,325.624,842.946,144.43,98.2
544,2134.0,352.11,1276.132,505.758,85.1
545,2397.0,107.865,2066.214,222.921,89.0
546,12703.0,2820.066,7659.909,2223.025,81.2
547,1825.0,441.65,919.8,465.375,80.2
548,6566.0,1687.462,3630.998,1247.54,83.1
549,12226.0,2750.85,7702.38,1772.77,90.3
550,1312.0,389.664,838.368,82.656,95.3
551,2477.0,490.446,1647.205,339.349,92.5
552,5377.0,1252.841,3242.331,876.451,85.1
553,25001.0,5100.204,16450.658,3450.138,87.6
554,3915.0,873.045,2364.66,677.295,82.0
555,2346.0,600.576,1485.018,258.06,88.0
556,16550.0,4104.4,10641.65,1803.95,91.5
557,16987.0,4807.321,10209.187,1970.492,88.8
558,65566.0,14490.086,39864.128,11211.786,84.8
559,1045.0,233.035,590.425,221.54,83.3
560,1364.0,361.46,777.48,223.696,88.0
561,1912.0,497.12,1200.736,214.144,86.2
562,5054.0,965.314,3305.316,783.37,93.2
563,15597.0,3524.922,10184.841,1887.237,93.9
564,5020.0,1234.92,3117.42,667.66,92.9
565,20608.0,5667.2,13395.2,1545.6,92.3
566,13634.0,3503.938,9093.878,1036.184,95.2
567,1193.0,232.635,688.361,272.004,90.9
568,1042.0,140.67,531.42,369.91,87.3
569,1531.0,365.909,865.015,300.076,76.2
570,2864.0,747.504,1612.432,504.064,84.3
571,2847.0,387.192,1967.277,495.378,95.2
572,22936.0,7729.432,13692.792,1513.776,95.4
573,1485.0,396.495,893.97,194.535,93.8
574,4720.0,1274.4,2577.12,868.48,82.1
575,2927.0,772.728,1656.682,497.59,80.7
576,2724.0,629.244,1563.576,531.18,81.0
577,3830.0,662.59,2267.36,900.05,85.2
578,3035.0,758.75,1978.82,294.395,96.3
579,25638.0,5691.636,17228.736,2717.628,92.2
580,1904.0,571.2,1073.856,258.944,82.7
581,1190.0,301.07,736.61,152.32,94.5
582,6717.0,1356.834,3949.596,1410.57,80.7
583,9102.0,2557.662,5716.056,828.282,92.7
584,3980.0,696.5,2352.18,931.32,83.2
585,1302.0,256.494,828.072,217.434,99.4
586,1025.0,229.6,612.95,182.45,87.1
587,2115.0,607.005,1258.425,249.57,104.3
588,1478.0,357.676,972.524,147.8,98.8
589,3506.0,792.356,2065.034,648.61,83.8
590,3014.0,717.332,1835.526,461.142,91.9
591,5423.0,336.226,4902.392,184.382,79.0
592,9624.0,1924.8,6284.472,1414.728,89.8
593,7112.0,1941.576,4437.888,732.536,86.2
594,3352.0,620.12,2369.864,362.016,85.4
595,5192.0,877.448,2777.72,1536.832,87.9
596,7753.0,1806.449,4519.999,1426.552,83.1
597,5328.0,1108.224,3138.192,1081.584,88.1
598,4660.0,1169.66,3024.34,466.0,97.4
599,3606.0,919.53,2264.568,421.902,87.4
600,4355.0,931.97,2769.78,648.895,95.3
601,21802.0,6344.382,13517.24,1940.378,86.9
602,4310.0,1099.05,2409.29,801.66,82.3
603,1211.0,329.392,653.94,227.668,83.8
604,1028.0,298.12,602.408,128.5,92.1
605,1092.0,324.324,638.82,128.856,96.4
606,2002.0,472.472,1241.24,288.288,84.7
607,1531.0,413.37,910.945,206.685,86.6
608,13726.0,3376.596,8853.27,1496.134,92.6
609,1369.0,328.56,799.496,240.944,87.1
610,11055.0,2188.89,7451.07,1415.04,86.6
611,1119.0,317.796,663.567,136.518,99.3
612,18967.0,4381.377,12214.748,2370.875,90.8
613,6867.0,1517.607,4703.895,645.498,95.6
614,10739.0,1814.891,7323.998,1600.111,76.8
615,10275.0,2846.175,6884.25,544.575,98.0
616,5204.0,1405.08,3523.108,275.812,97.6
617,2612.0,509.34,1637.724,464.936,86.8
618,7025.0,1826.5,4355.5,843.0,90.3
619,2770.0,747.9,1592.75,429.35,89.9
620,1688.0,467.576,1027.992,192.432,94.4
621,1035.0,251.505,665.505,116.955,98.7
622,17284.0,4130.876,10646.944,2506.18,89.5
623,2721.0,729.228,1741.44,250.332,97.9
624,1060.0,250.16,643.42,167.48,90.1
625,54269.0,11559.297,35112.043,7597.66,95.6
626,1611.0,468.801,927.936,214.263,81.6
627,6302.0,1336.024,4083.696,882.28,84.6
628,4087.0,1058.533,2345.938,682.529,82.9
629,1265.0,335.225,685.63,244.145,82.4
630,1142.0,300.346,669.212,172.442,88.4
631,4419.0,905.895,2898.864,618.66,88.5
632,1453.0,342.908,942.997,167.095,91.4
633,2084.0,529.336,1277.492,275.088,89.3
634,3014.0,602.8,1931.974,479.226,84.3
635,1487.0,328.627,798.519,361.341,79.1
636,9007.0,2053.596,5800.508,1152.896,85.9
637,33946.0,7162.606,20978.628,5804.766,87.2
638,1274.0,323.596,796.25,155.428,87.6
639,2308.0,627.776,1490.968,189.256,92.9
640,4198.0,860.59,2997.372,340.038,91.8
641,1669.0,435.609,1048.132,185.259,93.4
642,4504.0,1508.84,2504.224,495.44,89.7
643,3225.0,877.2,2038.2,309.6,91.4
644,5317.0,1467.492,3222.102,627.406,97.0
645,5836.0,1669.096,3460.748,700.32,86.9
646,2125.0,588.625,1302.625,233.75,91.5
647,3326.0,891.368,1845.93,588.702,81.0
648,18567.0,4233.276,12142.818,2190.906,94.0
649,4605.0,1040.73,2864.31,704.565,90.0
650,3204.0,801.0,1896.768,506.232,85.8
651,3830.0,965.16,2045.22,819.62,75.7
652,5984.0,1597.728,3548.512,837.76,81.6
653,1159.0,259.616,717.421,181.963,87.3
654,4906.0,1545.39,3002.472,358.138,93.2
655,2370.0,575.91,1384.08,410.01,86.0
656,5116.0,1294.348,2946.816,874.836,86.5
657,1893.0,412.674,1192.59,287.736,95.0
658,29429.0,7886.972,17157.107,4384.921,82.0
659,1664.0,457.6,893.568,312.832,69.9
660,11061.0,2510.847,6658.722,1891.431,77.5
661,2207.0,489.954,1271.232,445.814,81.7
662,4787.0,1172.815,2666.359,947.826,78.9
663,1976.0,561.184,1126.32,288.496,90.7
664,5464.0,1398.784,3404.072,661.144,80.8
665,1996.0,520.956,1175.644,301.396,89.5
666,5241.0,1263.081,2950.683,1027.236,85.6
667,4305.0,1149.435,2875.74,279.825,93.3
668,42410.0,9923.94,27820.96,4665.1,89.8
669,4907.0,1045.191,3272.969,593.747,93.4
670,2166.0,630.306,1228.122,305.406,88.6
671,5218.0,1267.974,2802.066,1147.96,80.8
672,1825.0,374.125,1058.5,392.375,87.5
673,3451.0,911.064,1880.795,655.69,79.4
674,5964.0,1604.316,3655.932,703.752,89.7
675,2129.0,523.734,1354.044,251.222,89.9
676,1571.0,254.502,980.304,337.765,91.7
677,9183.0,2240.652,5812.839,1129.509,85.6
678,17689.0,4033.092,10878.735,2777.173,90.4
679,5849.0,1356.968,3854.491,637.541,95.3
680,2252.0,511.204,1459.296,281.5,91.4
681,28419.0,6934.236,18586.026,2898.738,92.5
682,6750.0,1269.0,4441.5,1039.5,88.7
683,3437.0,848.939,2292.479,292.145,95.4
684,1750.0,432.25,1064.0,253.75,92.0
685,8024.0,1468.392,6539.56,16.048,332.9
686,2251.0,603.268,1442.891,204.841,94.5
687,4680.0,1226.16,2925.0,528.84,91.0
688,47866.0,10530.52,30203.446,7132.034,90.2
689,5952.0,1255.872,2981.952,1714.176,79.6
690,5027.0,1382.425,3322.847,321.728,91.1
691,3071.0,829.17,1722.831,518.999,88.2
692,4195.0,977.435,2462.465,755.1,80.4
693,1054.0,326.74,586.024,141.236,88.3
694,5583.0,1004.94,3020.403,1557.657,68.8
695,7516.0,1638.488,4697.5,1180.012,89.0
696,1307.0,312.373,773.744,219.576,89.3
697,1051.0,319.504,603.274,128.222,85.1
698,1544.0,418.424,881.624,243.952,82.3
699,8008.0,1737.736,4780.776,1489.488,77.3
700,15578.0,3505.05,9751.828,2321.122,91.0
701,1190.0,322.49,704.48,161.84,82.9
702,1870.0,364.65,1196.8,308.55,80.5
703,1048.0,309.16,627.752,111.088,85.7
704,8950.0,3159.35,5244.7,545.95,79.5
705,3329.0,729.051,1977.426,622.523,88.9
706,4637.0,978.407,3129.975,528.618,131.4
707,1340.0,344.38,833.48,160.8,87.7
708,7690.0,1960.95,4975.43,753.62,93.8
709,2972.0,638.98,1697.012,636.008,85.3
710,2075.0,543.65,1222.175,309.175,88.9
711,1177.0,310.728,781.528,83.567,92.9
